model,accuracy score,balanced accuracy score,weighted precision,weighted recall,weighted f1 score,macro f1 score,num_features
random_forest_40_features_n_estimators=150_max_depth=None,0.1166666666666666,0.1166666666666666,0.3227095680595003,0.1166666666666666,0.1443346596650379,0.1443346596650379,40
random_forest_100_features_n_estimators=150_max_depth=None,0.3226666666666666,0.3226666666666666,0.5562922962991135,0.3226666666666666,0.3680025544358875,0.3680025544358875,100
random_forest_200_features_n_estimators=150_max_depth=None,0.528,0.528,0.7681468909518516,0.528,0.5864882806709296,0.5864882806709297,200
random_forest_500_features_n_estimators=150_max_depth=None,0.6826666666666666,0.6826666666666668,0.8712122449628767,0.6826666666666666,0.7477274953623206,0.7477274953623206,500
random_forest_1000_features_n_estimators=150_max_depth=None,0.7364444444444445,0.7364444444444445,0.8959184959323546,0.7364444444444445,0.7950146257575829,0.795014625757583,1000
random_forest_2000_features_n_estimators=150_max_depth=None,0.7422222222222222,0.7422222222222223,0.9066210703582008,0.7422222222222222,0.802266191899287,0.802266191899287,2000
random_forest_3000_features_n_estimators=150_max_depth=None,0.7428888888888889,0.7428888888888889,0.9140451172247892,0.7428888888888889,0.8050647397452805,0.8050647397452804,3000
random_forest_4000_features_n_estimators=150_max_depth=None,0.7386666666666667,0.7386666666666667,0.919061890119416,0.7386666666666667,0.8042765181764662,0.8042765181764662,4000
random_forest_4901_features_n_estimators=150_max_depth=None,0.7373333333333333,0.7373333333333334,0.9180759695742583,0.7373333333333333,0.8030021000943652,0.8030021000943652,4901
