model,accuracy score,balanced accuracy score,weighted precision,weighted recall,weighted f1 score,macro f1 score,num_features
random_forest_40_features_n_estimators=150_max_depth=None,0.895,0.9267155229846769,0.9310974852612176,0.895,0.9060103046637168,0.794132631444443,40
random_forest_100_features_n_estimators=150_max_depth=None,0.92875,0.9387572636760678,0.9474932681520728,0.92875,0.9337689602400672,0.8323397911993433,100
random_forest_200_features_n_estimators=150_max_depth=None,0.95625,0.9460631569694278,0.9651869903556374,0.95625,0.9582971074858956,0.871049520166786,200
random_forest_500_features_n_estimators=150_max_depth=None,0.96,0.873679121326523,0.9679373435219416,0.96,0.9622732287582284,0.836223313504497,500
random_forest_748_features_n_estimators=150_max_depth=None,0.955,0.9431085294988526,0.9661593786295006,0.955,0.9579487406858952,0.8636230305898366,748
